RCGL Distributor,,Direct Purchaser,Landscape Distributor,RCGL,
RCGL Distributor,Distributor - Non Hunter,Indirect Purchaser,Dealer/Sub-Distributor,RCGL,"Irrigation, Landscape Lighting"
RCGL Distributor,Distributor Branch,Direct Purchaser,Landscape Distributor,RCGL,"Irrigation, Landscape Lighting"
RCGL Distributor,Distributor Sales Parent,Direct Purchaser,Landscape Distributor,RCGL,"Irrigation, Landscape Lighting"
RCGL Distributor,Lighting Distributor,Direct Purchaser,FX Only Distributor,RCGL,Landscape Lighting
RCGL Distributor,Retail Store,Indirect Purchaser,Dealer/Sub-Distributor,RCGL,Irrigation
RCGL Distributor,Retailer,Indirect Purchaser,Dealer/Sub-Distributor,RCGL,Irrigation
RCGL Installer,,Indirect Purchaser,Installer/Contractor,RCGL,Irrigation
RCGL Installer,Builder,Influencer,Builder/Developer,RCGL,Irrigation
RCGL Installer,Contractor,Indirect Purchaser,Installer/Contractor,RCGL,Irrigation
RCGL Installer,General Contractor,Influencer,Construction Managment / GC,RCGL,Irrigation
RCGL Installer,Irrigation Contractor,Indirect Purchaser,Installer/Contractor,RCGL,Irrigation
RCGL Installer,Landscape Contractor,Indirect Purchaser,Installer/Contractor,RCGL,Irrigation
RCGL Installer,Maintenance Contractor,Indirect Purchaser,Installer/Contractor,RCGL,Irrigation
RCGL Installer,Developer,Influencer,Builder/Developer,RCGL,"Irrigation, Commercial"
RCGL Installer,Cemetery,Indirect Purchaser,Site - Purchase from Distribution,RCGL,Irrigation
RCGL Installer,Corporate Institute,Indirect Purchaser,Site - Purchase from Distribution,RCGL,Irrigation
RCGL Installer,HOA,Influencer,Other - Influencer,RCGL,"Irrigation, HOA"
RCGL Agency,,Indirect Purchaser,Municipality/Public Agency,RCGL,Irrigation
RCGL Agency,Agricultural/greenhouses/growers,Indirect Purchaser,Site - Purchase from Distribution,RCGL,"Irrigation, Nursery & Greenhouse"
RCGL Agency,Association,Influencer,Trade Organization,RCGL,Irrigation
RCGL Agency,Educator (professor/teacher),Influencer,Education,RCGL,Irrigation
RCGL Agency,Government,Indirect Purchaser,Municipality/Public Agency,RCGL,Irrigation
RCGL Agency,Hospital/institutions,Influencer,Site - sub-contract,RCGL,Irrigation
RCGL Agency,Hotel/Resorts/Master Planned Community Developer,Indirect Purchaser,Site - Purchase from Distribution,RCGL,"Irrigation, Hotel/Resort"
RCGL Agency,Management Company,Indirect Purchaser,Site - Purchase from Distribution,RCGL,Irrigation
RCGL Agency,Municipality,Indirect Purchaser,Municipality/Public Agency,RCGL,Irrigation
RCGL Agency,Parks And Recreation,Indirect Purchaser,Site - Purchase from Distribution,RCGL,"Irrigation, Parks & Recreation"
RCGL Agency,Property Manager,Indirect Purchaser,Site - Purchase from Distribution,RCGL,Irrigation
RCGL Agency,School - Grounds Maintenance,Indirect Purchaser,Site - Purchase from Distribution,RCGL,"Irrigation, School District"
RCGL Agency,Sports Facilities,Indirect Purchaser,Site - Purchase from Distribution,RCGL,"Irrigation, Sports Fields"
RCGL Agency,Sports Surface Consultant,Influencer,Specifier/Designer,RCGL,"Irrigation, Sports Fields"
RCGL Agency,Theme/amusement Park,Indirect Purchaser,Site - Purchase from Distribution,RCGL,Irrigation
RCGL Agency,Water Agency,Influencer,Water District,RCGL,"Irrigation, Water District"
RCGL Specifier,,Influencer,Specifier/Designer,RCGL,Irrigation
RCGL Specifier,Architect,Influencer,Specifier/Designer,RCGL,Irrigation
RCGL Specifier,Engineer,Influencer,Specifier/Designer,RCGL,Irrigation
RCGL Specifier,Engineering Architect,Influencer,Specifier/Designer,RCGL,Irrigation
RCGL Specifier,Irrigation Consultant,Influencer,Specifier/Designer,RCGL,Irrigation
RCGL Specifier,Irrigation Designer,Influencer,Specifier/Designer,RCGL,Irrigation
RCGL Specifier,Landscape Architect,Influencer,Specifier/Designer,RCGL,Irrigation
RCGL Specifier,Landscape Designer,Influencer,Specifier/Designer,RCGL,Irrigation
RCGL Specifier,Lighting Consultant,Influencer,Specifier/Designer,RCGL,Landscape Lighting
RCGL Specifier,Lighting Designer,Influencer,Specifier/Designer,RCGL,Landscape Lighting
RCGL Specifier,Specifier,Influencer,Specifier/Designer,RCGL,Irrigation
RCGL Specifier,Landscape Architecture Student,Influencer,Specifier/Designer,RCGL,Irrigation
RCGL Dealer,,Indirect Purchaser,Dealer/Sub-Distributor,RCGL,"Irrigation, Landscape Lighting"
RCGL Builder/Developer,,Influencer,Builder/Developer,RCGL,"Irrigation, New Home Construction"
RCGL Builder/Developer,National,Influencer,Builder/Developer,RCGL,"Irrigation, New Home Construction"
RCGL Builder/Developer,Regional,Influencer,Builder/Developer,RCGL,"Irrigation, New Home Construction"
Other,Building Automation,Influencer,Other - Influencer,RCGL,"Irrigation, Commercial"
Other,End User,Influencer,Other - Influencer,RCGL,
Other,Hunter Employee,,,RCGL,
Other,Senninger Employee,,,RCGL,
Other,Industry Contact,Influencer,Competitor,RCGL,
Other,Manufacturer,Influencer,Competitor,RCGL,
Other,Other,Influencer,Other - Influencer,RCGL,
Other,Publications,Influencer,Media,RCGL,
Golf,Golf,Golf Course,Golf Course,RCGL,Golf
Golf,Golf Course,Golf Course,Golf Course,RCGL,Golf
Golf,Golf Contractor,Indirect Purchaser,Golf Contractor,RCGL,Golf
Golf,Golf Course Architect,Influencer,Golf Course Architect,RCGL,Golf
Golf,Golf Course Developer/Owner,Influencer,Golf Course Developer/Owner,RCGL,Golf
Golf,Golf Irrigation Consultant,Influencer,Golf Irrigation Consultant,RCGL,Golf
Golf,Golf Course Management,Influencer,Golf Course Management,RCGL,Golf
Golf,Golf Maintenance/Superintendent,Indirect Purchaser,Golf Maintenance/Superintendent,RCGL,Golf
FXL Only Distributor,,Direct Purchaser,FX Only Distributor,RCGL,Landscape Lighting
Lumascape Lighting,,,,RCGL,Commercial & Industrial Lighting
Lumascape Lighting,A/V Contact,Influencer,,RCGL,Audio & Visual Lighting
Lumascape Lighting,A/V Distributor,Direct Purchaser,Electrical Distributor,RCGL,Audio & Visual Lighting
Lumascape Lighting,C&I Contact,Influencer,,RCGL,Commercial & Industrial Lighting
Lumascape Lighting,C&I Distributor,Direct Purchaser,Electrical Distributor,RCGL,Commercial & Industrial Lighting
Lumascape Lighting,Holm A/V Rep,Direct Purchaser,Rep Agent,RCGL,Audio & Visual Lighting
Lumascape Lighting,Non-Holm AV Rep,Influencer,Competitor,RCGL,Audio & Visual Lighting
Lumascape Lighting,Holm C&I Rep,Direct Purchaser,Rep Agent,RCGL,Commercial & Industrial Lighting
Lumascape Lighting,Non-Holm C&I Rep,Influencer,Competitor,RCGL,Commercial & Industrial Lighting
Custom Manufacturing,Aerospace,Direct Purchaser,Custom Manufacturing,RCGL,
Custom Manufacturing,Automotive,Direct Purchaser,Custom Manufacturing,RCGL,
Custom Manufacturing,Consumer,Direct Purchaser,Custom Manufacturing,RCGL,
Custom Manufacturing,Electronic,Direct Purchaser,Custom Manufacturing,RCGL,
Custom Manufacturing,Industrial,Direct Purchaser,Custom Manufacturing,RCGL,
Custom Manufacturing,Medical,Direct Purchaser,Custom Manufacturing,RCGL,
SEN Pivot,Dealer - Direct,Direct Purchaser,Dealer - Direct,Senninger,Pivot
SEN Pivot,Dealer - Branch,Indirect Purchaser,Other - Indirect Purchaser,Senninger,Pivot
SEN Pivot,Dealer - Indirect,Indirect Purchaser,Dealer - Indirect,Senninger,Pivot
SEN Pivot,Master Distributor,Direct Purchaser,Master Distributor,Senninger,Pivot
SEN Pivot,OEM,Direct Purchaser,OEM,Senninger,Pivot
SEN Pivot,Grower | End User,Direct Purchaser,End User - Direct,Senninger,Pivot
SEN Pivot,Consultant | Specifier,Influencer,Consultant/Specifier,Senninger,Pivot
SEN Pivot,Contractor,Indirect Purchaser,Other - Indirect Purchaser,Senninger,Pivot
SEN Pivot,Government Agency,Influencer,Government Agency,Senninger,Pivot
SEN Pivot,University | Research,Influencer,University/Research,Senninger,Pivot
SEN Pivot,Prospect,Indirect Purchaser,Other - Indirect Purchaser,Senninger,Pivot
SEN Pivot & Solid Set,Dealer - Direct,Direct Purchaser,Dealer - Direct,Senninger,"Pivot, Solid Set"
SEN Pivot & Solid Set,Dealer - Branch,Indirect Purchaser,Other - Indirect Purchaser,Senninger,"Pivot, Solid Set"
SEN Pivot & Solid Set,Dealer - Indirect,Indirect Purchaser,Dealer - Indirect,Senninger,"Pivot, Solid Set"
SEN Pivot & Solid Set,Master Distributor,Direct Purchaser,Master Distributor,Senninger,"Pivot, Solid Set"
SEN Pivot & Solid Set,OEM,Direct Purchaser,OEM,Senninger,"Pivot, Solid Set"
SEN Pivot & Solid Set,Grower | End User,Direct Purchaser,End User - Direct,Senninger,"Pivot, Solid Set"
SEN Pivot & Solid Set,Consultant | Specifier,Influencer,Consultant/Specifier,Senninger,"Pivot, Solid Set"
SEN Pivot & Solid Set,Contractor,Indirect Purchaser,Other - Indirect Purchaser,Senninger,"Pivot, Solid Set"
SEN Pivot & Solid Set,Government Agency,Influencer,Government Agency,Senninger,"Pivot, Solid Set"
SEN Pivot & Solid Set,University | Research,Influencer,University/Research,Senninger,"Pivot, Solid Set"
SEN Pivot & Solid Set,Prospect,Indirect Purchaser,Other - Indirect Purchaser,Senninger,"Pivot, Solid Set"
SEN Solid Set,Dealer - Direct,Direct Purchaser,Dealer - Direct,Senninger,Solid Set
SEN Solid Set,Dealer - Branch,Indirect Purchaser,Other - Indirect Purchaser,Senninger,Solid Set
SEN Solid Set,Dealer - Indirect,Indirect Purchaser,Dealer - Indirect,Senninger,Solid Set
SEN Solid Set,Master Distributor,Direct Purchaser,Master Distributor,Senninger,Solid Set
SEN Solid Set,OEM,Direct Purchaser,OEM,Senninger,Solid Set
SEN Solid Set,Grower | End User,Direct Purchaser,End User - Direct,Senninger,Solid Set
SEN Solid Set,Consultant | Specifier,Influencer,Consultant/Specifier,Senninger,Solid Set
SEN Solid Set,Contractor,Indirect Purchaser,Other - Indirect Purchaser,Senninger,Solid Set
SEN Solid Set,Government Agency,Influencer,Government Agency,Senninger,Solid Set
SEN Solid Set,University | Research,Influencer,University/Research,Senninger,Solid Set
SEN Solid Set,Prospect,Indirect Purchaser,Other - Indirect Purchaser,Senninger,Solid Set
SEN Frost Protection,Dealer - Direct,Direct Purchaser,Dealer - Direct,Senninger,Solid Set
SEN Frost Protection,Dealer - Branch,Indirect Purchaser,Other - Indirect Purchaser,Senninger,Solid Set
SEN Frost Protection,Dealer - Indirect,Indirect Purchaser,Dealer - Indirect,Senninger,Solid Set
SEN Frost Protection,Master Distributor,Direct Purchaser,Master Distributor,Senninger,Solid Set
SEN Frost Protection,OEM,Direct Purchaser,OEM,Senninger,Solid Set
SEN Frost Protection,Grower | End User,Direct Purchaser,End User - Direct,Senninger,Solid Set
SEN Frost Protection,Consultant | Specifier,Influencer,Consultant/Specifier,Senninger,Solid Set
SEN Frost Protection,Contractor,Indirect Purchaser,Other - Indirect Purchaser,Senninger,Solid Set
SEN Frost Protection,Government Agency,Influencer,Government Agency,Senninger,Solid Set
SEN Frost Protection,University | Research,Influencer,University/Research,Senninger,Solid Set
SEN Frost Protection,Prospect,Indirect Purchaser,Other - Indirect Purchaser,Senninger,Solid Set
SEN Livestock,Dealer - Direct,Direct Purchaser,Dealer - Direct,Senninger,"Pivot, Solid Set"
SEN Livestock,Dealer - Branch,Indirect Purchaser,Other - Indirect Purchaser,Senninger,"Pivot, Solid Set"
SEN Livestock,Dealer - Indirect,Indirect Purchaser,Dealer - Indirect,Senninger,"Pivot, Solid Set"
SEN Livestock,Master Distributor,Direct Purchaser,Master Distributor,Senninger,"Pivot, Solid Set"
SEN Livestock,OEM,Direct Purchaser,OEM,Senninger,"Pivot, Solid Set"
SEN Livestock,Grower | End User,Direct Purchaser,End User - Direct,Senninger,"Pivot, Solid Set"
SEN Livestock,Consultant | Specifier,Influencer,Consultant/Specifier,Senninger,"Pivot, Solid Set"
SEN Livestock,Contractor,Indirect Purchaser,Other - Indirect Purchaser,Senninger,"Pivot, Solid Set"
SEN Livestock,Government Agency,Influencer,Government Agency,Senninger,"Pivot, Solid Set"
SEN Livestock,University | Research,Influencer,University/Research,Senninger,"Pivot, Solid Set"
SEN Livestock,Prospect,Indirect Purchaser,Other - Indirect Purchaser,Senninger,"Pivot, Solid Set"
SEN Nursery & Greenhouse,Dealer - Direct,Direct Purchaser,Dealer - Direct,Senninger,Solid Set
SEN Nursery & Greenhouse,Dealer - Branch,Indirect Purchaser,Other - Indirect Purchaser,Senninger,Solid Set
SEN Nursery & Greenhouse,Dealer - Indirect,Indirect Purchaser,Dealer - Indirect,Senninger,Solid Set
SEN Nursery & Greenhouse,Master Distributor,Direct Purchaser,Master Distributor,Senninger,Solid Set
SEN Nursery & Greenhouse,OEM,Direct Purchaser,OEM,Senninger,Solid Set
SEN Nursery & Greenhouse,Grower | End User,Direct Purchaser,End User - Direct,Senninger,Solid Set
SEN Nursery & Greenhouse,Consultant | Specifier,Influencer,Consultant/Specifier,Senninger,Solid Set
SEN Nursery & Greenhouse,Contractor,Indirect Purchaser,Other - Indirect Purchaser,Senninger,Solid Set
SEN Nursery & Greenhouse,Government Agency,Influencer,Government Agency,Senninger,Solid Set
SEN Nursery & Greenhouse,University | Research,Influencer,University/Research,Senninger,Solid Set
SEN Nursery & Greenhouse,Prospect,Indirect Purchaser,Other - Indirect Purchaser,Senninger,Solid Set
SEN Regulators Only,Dealer - Direct,Direct Purchaser,Dealer - Direct,Senninger,Turf
SEN Regulators Only,Dealer - Branch,Indirect Purchaser,Other - Indirect Purchaser,Senninger,Turf
SEN Regulators Only,Dealer - Indirect,Indirect Purchaser,Dealer - Indirect,Senninger,Turf
SEN Regulators Only,Master Distributor,Direct Purchaser,Master Distributor,Senninger,Turf
SEN Regulators Only,OEM,Direct Purchaser,OEM,Senninger,Turf
SEN Regulators Only,Grower | End User,Direct Purchaser,End User - Direct,Senninger,Turf
SEN Regulators Only,Consultant | Specifier,Influencer,Consultant/Specifier,Senninger,Turf
SEN Regulators Only,Contractor,Indirect Purchaser,Other - Indirect Purchaser,Senninger,Turf
SEN Regulators Only,Government Agency,Influencer,Government Agency,Senninger,Turf
SEN Regulators Only,University | Research,Influencer,University/Research,Senninger,Turf
SEN Regulators Only,Prospect,Indirect Purchaser,Other - Indirect Purchaser,Senninger,Turf
SEN Mining,Dealer - Direct,Direct Purchaser,Dealer - Direct,Senninger,Mining
SEN Mining,Dealer - Branch,Indirect Purchaser,Other - Indirect Purchaser,Senninger,Mining
SEN Mining,Dealer - Indirect,Indirect Purchaser,Dealer - Indirect,Senninger,Mining
SEN Mining,Master Distributor,Direct Purchaser,Master Distributor,Senninger,Mining
SEN Mining,OEM,Direct Purchaser,OEM,Senninger,Mining
SEN Mining,Grower | End User,Direct Purchaser,End User - Direct,Senninger,Mining
SEN Mining,Consultant | Specifier,Influencer,Consultant/Specifier,Senninger,Mining
SEN Mining,Contractor,Indirect Purchaser,Other - Indirect Purchaser,Senninger,Mining
SEN Mining,Government Agency,Influencer,Government Agency,Senninger,Mining
SEN Mining,University | Research,Influencer,University/Research,Senninger,Mining
SEN Mining,Prospect,Indirect Purchaser,Other - Indirect Purchaser,Senninger,Mining
SEN Wastewater,Dealer - Direct,Direct Purchaser,Dealer - Direct,Senninger,"Pivot, Solid Set"
SEN Wastewater,Dealer - Branch,Indirect Purchaser,Other - Indirect Purchaser,Senninger,"Pivot, Solid Set"
SEN Wastewater,Dealer - Indirect,Indirect Purchaser,Dealer - Indirect,Senninger,"Pivot, Solid Set"
SEN Wastewater,Master Distributor,Direct Purchaser,Master Distributor,Senninger,"Pivot, Solid Set"
SEN Wastewater,OEM,Direct Purchaser,OEM,Senninger,"Pivot, Solid Set"
SEN Wastewater,Grower | End User,Direct Purchaser,End User - Direct,Senninger,"Pivot, Solid Set"
SEN Wastewater,Consultant | Specifier,Influencer,Consultant/Specifier,Senninger,"Pivot, Solid Set"
SEN Wastewater,Contractor,Indirect Purchaser,Other - Indirect Purchaser,Senninger,"Pivot, Solid Set"
SEN Wastewater,Government Agency,Influencer,Government Agency,Senninger,"Pivot, Solid Set"
SEN Wastewater,University | Research,Influencer,University/Research,Senninger,"Pivot, Solid Set"
SEN Wastewater,Prospect,Indirect Purchaser,Other - Indirect Purchaser,Senninger,"Pivot, Solid Set"
SEN Other,Dealer - Direct,Direct Purchaser,Dealer - Direct,Senninger,"Pivot, Solid Set"
SEN Other,Dealer - Branch,Indirect Purchaser,Other - Indirect Purchaser,Senninger,"Pivot, Solid Set"
SEN Other,Dealer - Indirect,Indirect Purchaser,Dealer - Indirect,Senninger,"Pivot, Solid Set"
SEN Other,Master Distributor,Direct Purchaser,Master Distributor,Senninger,"Pivot, Solid Set"
SEN Other,OEM,Direct Purchaser,OEM,Senninger,"Pivot, Solid Set"
SEN Other,Grower | End User,Direct Purchaser,End User - Direct,Senninger,"Pivot, Solid Set"
SEN Other,Consultant | Specifier,Influencer,Consultant/Specifier,Senninger,"Pivot, Solid Set"
SEN Other,Contractor,Indirect Purchaser,Other - Indirect Purchaser,Senninger,"Pivot, Solid Set"
SEN Other,Government Agency,Influencer,Government Agency,Senninger,"Pivot, Solid Set"
SEN Other,University | Research,Influencer,University/Research,Senninger,"Pivot, Solid Set"
SEN Other,Prospect,Indirect Purchaser,Other - Indirect Purchaser,Senninger,"Pivot, Solid Set"
Distributor,Distributor_Non_Hunter,Indirect Purchaser,Dealer/Sub-Distributor,RCGL,"Irrigation, Landscape Lighting"
Distributor,Distributor Headquarters,Direct Purchaser,Landscape Distributor,RCGL,"Irrigation, Landscape Lighting"
Distributor,,Direct Purchaser,Landscape Distributor,RCGL,"Irrigation, Landscape Lighting"
Distributor,Sub-Distributor,Indirect Purchaser,Dealer/Sub-Distributor,RCGL,"Irrigation, Landscape Lighting"
RCGL Dealer,,Indirect Purchaser,Dealer/Sub-Distributor,RCGL,"Irrigation, Landscape Lighting"
Contractor,,Indirect Purchaser,Installer/Contractor,RCGL,Irrigation
Contractor,Builder,Influencer,Builder/Developer,RCGL,Irrigation
Contractor,Other,Indirect Purchaser,Installer/Contractor,RCGL,Irrigation
Contractor,Contractor,Indirect Purchaser,Installer/Contractor,RCGL,Irrigation
Contractor,General Contractor,Influencer,Construction Managment / GC,RCGL,Irrigation
Contractor,Irrigation Contractor,Indirect Purchaser,Installer/Contractor,RCGL,Irrigation
Contractor,Landscape Contractor,Indirect Purchaser,Installer/Contractor,RCGL,Irrigation
Contractor,Maintenance Contractor,Indirect Purchaser,Installer/Contractor,RCGL,Irrigation
Contractor,Lighting Contractor,Lighting Contractor,Installer/Contractor,RCGL,Landscape Lighting
Contractor,Developer,Influencer,Builder/Developer,RCGL,"Irrigation, Commercial"
Agency,,Indirect Purchaser,Municipality/Public Agency,RCGL,Irrigation
Agency,Cemetery,Indirect Purchaser,Site - Purchase from Distribution,RCGL,Irrigation
Specifier,,Influencer,Specifier/Designer,RCGL,Irrigation
Golf,,Golf Course,Golf Course,RCGL,Golf
Contractor,Golf Contractor,Indirect Purchaser,Golf Contractor,RCGL,Golf
Golf,Golf_Course_Architect,Influencer,Golf Course Architect,RCGL,Golf
Electrical_Channel,A_V_Contact,Influencer,,RCGL,Audio & Visual Lighting
Electrical_Channel,,Influencer,,RCGL,Audio & Visual Lighting
Electrical_Channel,Electrical_Channel_Distributor,Direct Purchaser,Electrical Distributor,RCGL,Audio & Visual Lighting
Electrical_Channel,C_I_Contact,Influencer,,RCGL,Commercial & Industrial Lighting
Electrical_Channel,C_I_Distributor,Direct Purchaser,Electrical Distributor,RCGL,Commercial & Industrial Lighting
SEN Pivot,Dealer,Direct Purchaser,OEM,Senninger,Pivot
SEN Pivot,Dealer Via OEM,Indirect Purchaser,OEM,Senninger,Pivot
SEN Turf,Dealer Via OEM,Indirect Purchaser,OEM,Senninger,Turf
SEN Turf,Dealer,Direct Purchaser,OEM,Senninger,Turf
SEN Pivot Solid Set,Dealer Via OEM,Indirect Purchaser,OEM,Senninger,"Pivot, Solid Set"
SEN Solid Set,Dealer,Direct Purchaser,Dealer - Direct,Senninger,Solid Set
SEN Nursery Greenhouse,Dealer,Direct Purchaser,Dealer - Direct,Senninger,Solid Set
SEN Solid Set,Dealer Via OEM,Indirect Purchaser,Dealer - Indirect,Senninger,Solid Set
RCGL Dealer,Contractor,Indirect Purchaser,Installer/Contractor,RCGL,Irrigation
SEN Pivot Solid Set,Dealer,Direct Purchaser,Dealer - Direct,Senninger,"Pivot, Solid Set"
,Golf Maintenance/superintendent,Indirect Purchaser,Golf Maintenance/Superintendent,RCGL,Golf
Agency,Corporate Institute,Indirect Purchaser,Site - Purchase from Distribution,RCGL,Irrigation
Electrical_Channel,Electrical_Channel_Specifier,Influencer,,RCGL,Audio & Visual Lighting
Electrical_Channel,Non Holm C and I Rep,Influencer,,RCGL,Commercial & Industrial Lighting
Contractor,,Indirect Purchaser,Installer/Contractor,RCGL,Irrigation
Agency,Memorial Gardens/cemetery,Indirect Purchaser,Site - Purchase from Distribution,RCGL,Irrigation
Electrical_Channel,Manufacturer_Rep,Influencer,,RCGL,Audio & Visual Lighting
FXL_Only_Distributor,,Direct Purchaser,FX Only Distributor,RCGL,Landscape Lighting
Agency,Property Mgmt,Indirect Purchaser,Site - Purchase from Distribution,RCGL,Irrigation
Specifier,Lighting_Designer,Influencer,Specifier/Designer,RCGL,Landscape Lighting
SEN Mining,Dealer,Direct Purchaser,Dealer - Direct,Senninger,Mining
Agency,Contractor,Indirect Purchaser,Installer/Contractor,RCGL,Irrigation
SEN Other,Dealer,Direct Purchaser,OEM,Senninger,
Agency,HOA,Influencer,Other - Influencer,RCGL,"Irrigation, HOA"
Specifier,Engineering Architects,Influencer,Specifier/Designer,RCGL,Irrigation
SEN Turf,Prospect,Indirect Purchaser,OEM,Senninger,Turf
RCGL Dealer,Sub-Distributor,Indirect Purchaser,Dealer/Sub-Distributor,RCGL,Irrigation
Agency,Other,Indirect Purchaser,Site - Purchase from Distribution,RCGL,Irrigation
RCGL_Builders,,Influencer,Builder/Developer,RCGL,"Irrigation, New Home Construction"
Distributor,Retail_Store,Indirect Purchaser,Dealer/Sub-Distributor,RCGL,Irrigation
Distributor,Sub_Distributor_Non_Hunter,Indirect Purchaser,Dealer/Sub-Distributor,RCGL,Irrigation
Electrical_Channel,AV_Rep,Influencer,,RCGL,Audio & Visual Lighting
Electrical_Channel,Electrical_Channel_Contractor,Influencer,,RCGL,Audio & Visual Lighting
Custom_Manufacturing,,Direct Purchaser,Custom Manufacturing,Custom Manufacturing,
Contractor,Agricultural/greenhouses/growers,Indirect Purchaser,Site - Purchase from Distribution,RCGL,"Irrigation, Nursery & Greenhouse"
Specifier,Sports_Facilities_Landscape_Architect,Influencer,Specifier/Designer,RCGL,"Sports Fields, Irrigation"
Contractor,Lighting Designer/Installer,Indirect Purchaser,Installer/Contractor,RCGL,Landscape Lighting
Distributor,Lighting_Distributor,Direct Purchaser,FX Only Distributor,RCGL,Landscape Lighting
Agency,Sports_Surface_Consultant,Indirect Purchaser,Site - Purchase from Distribution,RCGL,Irrigation
,Homeowner Associations,Influencer,Other - Influencer,RCGL,"Irrigation, HOA"
Distributor,Sub-distributors,Indirect Purchaser,Dealer/Sub-Distributor,RCGL,Irrigation
,Developer / Homebuilder,Influencer,Builder/Developer,RCGL,"Irrigation, Commerical"
SEN Nursery Greenhouse,Grower,Direct Purchaser,End User - Direct,Senninger,Solid Set
Contractor,Golf Maintenance/superintendent,Indirect Purchaser,Golf Maintenance/Superintendent,RCGL,Golf
SEN Solid Set,Grower,Direct Purchaser,End User - Direct,Senninger,Solid Set
SEN Other,Grower,Direct Purchaser,End User - Direct,Senninger,
Electrical_Channel,Non_Holm_AV_Rep,Direct Purchaser,Electrical Distributor,RCGL,Audio & Visual Lighting
SEN Other,Dealer Via OEM,Indirect Purchaser,OEM,Senninger,
Contractor,Landscape Architect,Influencer,Specifier/Designer,RCGL,Commercial & Industrial Lighting
Electrical_Channel,AV_Distributor,Direct Purchaser,Electrical Distributor,RCGL,Audio & Visual Lighting
Horticulture,Nurseries_Greenhouses,Indirect Purchaser,Site - Purchase from Distribution,RCGL,"Irrigation, Nursery & Greenhouse"
SEN Pivot Solid Set,Consultant Specifier,Influencer,Consultant/Specifier,Senninger,Solid Set
Agency,Hotel/resorts,Indirect Purchaser,Site - Purchase from Distribution,RCGL,Irrigation
Specifier,Lighting_Consultant,Influencer,Specifier/Designer,RCGL,Landscape Lighting
Contractor,Property Mgmt,Indirect Purchaser,Site - Purchase from Distribution,RCGL,Irrigation
Specifier,Irrig. Consultant (designer),Influencer,Specifier/Designer,RCGL,Irrigation
Agency,Water_Agency_Wholesale,Indirect Purchaser,Site - Purchase from Distribution,RCGL,Irrigation
Contractor,Memorial Gardens/cemetery,Indirect Purchaser,Site - Purchase from Distribution,RCGL,Irrigation
Contractor,Homeowner Associations,Influencer,Other - Influencer,RCGL,"Irrigation, HOA"
RCGL Dealer,Other,Indirect Purchaser,Dealer/Sub-Distributor,RCGL,Irrigation
SEN Turf,OEM,Direct Purchaser,OEM,Senninger,Turf
Distributor,Contractor,Indirect Purchaser,Installer/Contractor,RCGL,Irrigation
Specifier,Lighting Designer/Installer,Indirect Purchaser,Installer/Contractor,RCGL,Landscape Lighting
Electrical_Channel,Electrical_Channel_Specifier_Lighting_Designer,Influencer,,RCGL,Audio & Visual Lighting
Contractor,AV_Rep,Influencer,,RCGL,Audio & Visual Lighting
Specifier,AV_Rep,Influencer,,RCGL,Audio & Visual Lighting
,Corporate,Indirect Purchaser,Site - Purchase from Distribution,RCGL,Irrigation
Other,AV_Rep,Influencer,Competitor,RCGL,Audio & Visual Lighting
SEN Pivot Solid Set,Research,Influencer,University/Research,Senninger,Pivot
SEN Mining,Dealer Via OEM,Indirect Purchaser,OEM,Senninger,Mining
,AV_Rep,Influencer,Competitor,RCGL,Audio & Visual Lighting
Electrical_Channel,Electrical_Channel,Influencer,,RCGL,Audio & Visual Lighting
,Contractor,Indirect Purchaser,Installer/Contractor,RCGL,Irrigation
,Professional Athletic Fields,Indirect Purchaser,Site - Purchase from Distribution,RCGL,"Irrigation, Sports Fields"
Contractor,Developer / Homebuilder,Influencer,Builder/Developer,RCGL,"Irrigation, Commerical"
SEN Pivot,Grower,Direct Purchaser,End User - Direct,Senninger,"Pivot, Solid Set"
Horticulture,Turf,Indirect Purchaser,Site - Purchase from Distribution,RCGL,"Irrigation, Nursery & Greenhouse"
Agency,AV_Rep,Influencer,Competitor,RCGL,Audio & Visual Lighting
,Specifier,Influencer,Specifier/Designer,RCGL,Irrigation
Contractor,Landscape Designer,Indirect Purchaser,Installer/Contractor,RCGL,Irrigation
SEN Solid Set,Consultant Specifier,Indirect Purchaser,Consultant/Specifier,Senninger,Solid Set
SEN Nursery Greenhouse,,Direct Purchaser,Dealer - Direct,Senninger,Solid Set
Golf,Golf_Irrigation_Consultant,Influencer,Golf Irrigation Consultant,RCGL,Golf
,Property Manager,Indirect Purchaser,Site - Purchase from Distribution,RCGL,Irrigation
SEN Other,Consultant Specifier,Indirect Purchaser,Consultant/Specifier,Senninger,"Pivot, Solid Set"
,Irrigation Designer,Influencer,Specifier/Designer,RCGL,Irrigation
Agricultural,Other,Indirect Purchaser,Site - Purchase from Distribution,RCGL,"Irrigation, Nursery & Greenhouse"
SEN Turf,Branch,Direct Purchaser,OEM,Senninger,Turf
Contractor,Theme/amusement Park,Indirect Purchaser,Installer/Contractor,RCGL,Irrigation
Distributor,Retailer (Retail Store),Indirect Purchaser,Dealer/Sub-Distributor,RCGL,Irrigation
Contractor,Corporate,Indirect Purchaser,Installer/Contractor,RCGL,Irrigation
,Irrigation Contractor,Indirect Purchaser,Installer/Contractor,RCGL,Irrigation
,Contractor,Indirect Purchaser,Installer/Contractor,RCGL,Irrigation
,Specifier,Influencer,Specifier/Designer,RCGL,Irrigation
Agricultural,,Indirect Purchaser,Site - Purchase from Distribution,RCGL,"Irrigation, Nursery & Greenhouse"
RCGL Dealer,Landscape Designer,Influencer,Specifier/Designer,RCGL,Irrigation
Contractor,School - Grounds Maintenance,Indirect Purchaser,Site - Purchase from Distribution,RCGL,Irrigation
Electrical_Channel,Electrical Channel,Influencer,,RCGL,Audio & Visual Lighting
Electrical_Channel,Electrical_Channel_Specifier_Architect,Influencer,Specifier/Designer,RCGL,Commercial & Industrial Lighting
Horticulture,,Indirect Purchaser,Site - Purchase from Distribution,RCGL,"Irrigation, Nursery & Greenhouse"
Horticulture,Other,Indirect Purchaser,Site - Purchase from Distribution,RCGL,"Irrigation, Nursery & Greenhouse"
SEN Other,Research,Influencer,University/Research,Senninger,"Pivot, Solid Set"
SEN Pivot Solid Set,Grower,Direct Purchaser,End User - Direct,Senninger,"Pivot, Solid Set"
SEN Turf,,Direct Purchaser,OEM,Senninger,Turf
Other,Salesman (Hunter employee),,,RCGL,
Contractor,Parks And Recreation,Indirect Purchaser,Site - Purchase from Distribution,RCGL,Irrigation
Specifier,Landscape Architect Student,Influencer,Specifier/Designer,RCGL,Irrigation
FXL_Only_Distributor,Distributor Branch,Direct Purchaser,FX Only Distributor,RCGL,Landscape Lighting
Agency,Department Of Transportation,Indirect Purchaser,Municipality/Public Agency,RCGL,Irrigation
Agency,Landscape Architect,Influencer,Specifier/Designer,RCGL,Irrigation
Contractor,Water Agency,Influencer,Water District,RCGL,"Irrigation, Water District"
,Department Of Transportation,Indirect Purchaser,Site - Purchase from Distribution,RCGL,Irrigation
Contractor,Irrig. Consultant (designer),Influencer,Specifier/Designer,RCGL,Irrigation
Contractor,Hotel/resorts,Indirect Purchaser,Site - Purchase from Distribution,RCGL,Irrigation
Electrical_Channel,Sports Facilities,Indirect Purchaser,Site - Purchase from Distribution,RCGL,Commercial & Industrial Lighting
Industrial,Other,Influencer,Other - Influencer,RCGL,"Irrigation, Commercial"
Contractor,Hospital/institutions,Indirect Purchaser,Site - Purchase from Distribution,RCGL,Irrigation
,Builder,Influencer,Builder/Developer,RCGL,Irrigation
Contractor,Specifier,Influencer,Specifier/Designer,RCGL,Irrigation
RCGL Dealer,Irrigation Contractor,Indirect Purchaser,Installer/Contractor,RCGL,Irrigation
SEN Pivot,Branch,Direct Purchaser,OEM,Senninger,Pivot
SEN Mining,Grower,Direct Purchaser,End User - Direct,Senninger,Mining
Agency,Builder,Influencer,Builder/Developer,RCGL,Irrigation
,Government,Indirect Purchaser,Municipality/Public Agency,RCGL,Irrigation
Contractor,Sub-Distributor,Indirect Purchaser,Installer/Contractor,RCGL,Irrigation
Electrical_Channel,,Direct Purchaser,Electrical Distributor,RCGL,Audio & Visual Lighting
Contractor,Lighting_Designer,Indirect Purchaser,Installer/Contractor,RCGL,Landscape Lighting
Contractor,Hunter Employee,,,RCGL,
SEN Nursery Greenhouse,Dealer Via OEM,Direct Purchaser,Indirect,Senninger,Solid Set
Agency,Golf Maintenance/superintendent,Indirect Purchaser,Golf Maintenance/Superintendent,RCGL,Golf
Contractor,Distributor Branch,Indirect Purchaser,Installer/Contractor,RCGL,Irrigation
SEN Turf,Grower,Direct Purchaser,OEM,Senninger,Turf
,Engineering Architects,Influencer,Specifier/Designer,RCGL,Irrigation
Specifier,Contractor,Indirect Purchaser,Installer/Contractor,RCGL,Irrigation
Custom_Manufacturing,,Direct Purchaser,Custom Manufacturing,Custom Manufacturing,
RCGL Dealer,Specifier,Influencer,Specifier/Designer,RCGL,Irrigation
Other,Building_Automation,Influencer,Other - Influencer,RCGL,"Irrigation, Commercial"
SEN Pivot,Consultant Specifier,Influencer,Consultant/Specifier,Senninger,Pivot